{
  "test/testsuite.qunit-dbg.js": 1707738303388,
  "test/testsuite.qunit.js": 1707738303388,
  "test/integration/pages/RisksList.js": 1707738303396,
  "test/integration/opaTests.qunit.js": 1707738303388,
  "test/integration/FirstJourney.js": 1707738303400,
  "test/integration/pages/RisksObjectPage.js": 1707738303396,
  "xs-app.json": 1707749786809,
  "manifest.json": 1707749774505,
  "Component.js": 1707738303376,
  "test/integration/pages/RisksList-dbg.js": 1707738303396,
  "test/integration/pages/RisksList.js.map": 1707749804806,
  "i18n/i18n.properties": 1707738400025,
  "test/testsuite.qunit.js.map": 1707749804816,
  "test/integration/opaTests.qunit-dbg.js": 1707738303388,
  "test/integration/opaTests.qunit.js.map": 1707749804833,
  "test/integration/FirstJourney-dbg.js": 1707738303400,
  "test/integration/FirstJourney.js.map": 1707749804823,
  "test/integration/pages/RisksObjectPage-dbg.js": 1707738303396,
  "test/integration/pages/RisksObjectPage.js.map": 1707749804825,
  "Component-dbg.js": 1707738303376,
  "Component.js.map": 1707749804831,
  "Component-preload.js": 1707749805136,
  "Component-preload.js.map": 1707749805136,
  "test/integration/opaTests.qunit.html": 1707738303388,
  "test/testsuite.qunit.html": 1707738303384,
  "test/flpSandbox.html": 1707738303384,
  "index.html": 1707738303376
}